id,id_region,id_country
4,46,1
14,41,1
13,50,1
33,65,1
12,22,1
73,60,1
56,8,1
55,92,1
106,75,1
17,52,1
5,36,1
173,80,1
130,4,1
422,105,1
119,57,1
42,20,1
89,18,1
495,108,1
146,63,1
25,3,1
638,36,1
347,94,1
162,1,1
141,25,1
90,73,1
72,78,1
783,32,1
47,53,1
217,61,1
70,5,1
401,56,1
168,71,1
782,92,1
20,42,1
172,12,1
383,95,1
402,77,1
87,11,1
391,14,1
397,99,1
390,10,1
398,15,1
2,49,1
381,90,1
88,17,1
392,19,1
384,84,1
388,96,1
122,24,1
60,88,1
99,27,1
127,29,1
399,32,1
228,33,1
370,34,1
26,37,1
400,38,1
382,93,1
394,44,1
882,26,1
376,79,1
372,82,1
125,47,1
378,83,1
34,54,1
142,86,1
393,30,1
35,58,1
380,89,1
426,112,1
312,66,1
389,7,1
251,87,1
245,68,1
373,28,1
91,69,1
19,70,1
377,81,1
212,97,1
379,91,1
403,76,1
386,85,1
396,64,1
387,98,1
4271,46,1
4145,66,1
4135,27,1
4830,38,1
4267,79,1
1836,95,1
2251,4,1
1386,71,1
4310,71,1
1350,53,1
5544,80,1
4157,80,1
1314,3,1
4715,22,1
4959,50,1
1873,3,1
3143,5,1
4107,28,1
3610,80,1
4625,46,1
4761,46,1
2339,41,1
1156,75,1
1270,80,1
409,76,1
4280,3,1
3490,3,1
1463,92,1
5202,3,1
2052,53,1
1494,3,1
3926,91,1
830,79,1
5391,85,1
1095,92,1
764,60,1
1081,52,1
3225,3,1
1161,87,1
3129,98,1
3598,92,1
3084,93,1
5644,80,1
2482,53,1
3696,108,1
4065,112,1
1004,60,1
5066,46,1
5603,80,1
4376,71,1
3699,76,1
2600,92,1
4513,84,1
2592,92,1
4427,46,1
4938,82,1
3189,76,1
2054,80,1
2176,46,1
4136,46,1
2110,90,1
3440,47,1
1247,65,1
1364,97,1
4753,25,1
1896,98,1
1064,1,1
4685,61,1
3320,7,1
2137,61,1
1074,17,1
2881,63,1
4502,84,1
4501,1,1
2800,18,1
2598,53,1
3566,60,1
4752,36,1
4756,63,1
1775,57,1
2547,64,1
4956,41,1
3190,76,1
2549,69,1
3513,7,1
1192,14,1
2543,36,1
5522,53,1
3583,80,1
4317,25,1
3449,18,1
2142,92,1
999,70,1
2233,25,1
3327,26,1
2594,97,1
3612,80,1
2511,94,1
2180,1,1
5141,83,1
1790,112,1
1426,112,1
3960,86,1
4408,12,1
354,113,1
3081,37,1
648,92,1
3702,76,1
5104,10,1
3694,105,1
3130,98,1
4220,8,1
1920,11,1
3123,99,1
740,8,1
780,3,1
2426,3,1
3934,60,1
1946,3,1
2966,8,1
674,25,1
3389,82,1
2322,28,1
2656,46,1
4577,17,1
4118,46,1
4259,66,1
5365,41,1
687,32,1
3410,64,1
2768,46,1
4604,22,1
1226,20,1
3212,19,1
4181,41,1
3795,17,1
4109,46,1
5148,41,1
3642,71,1
1427,113,1
2387,34,1
2960,5,1
4450,46,1
3711,60,1
1931,92,1
633,47,1
1476,46,1
1315,3,1
1515,65,1
2973,33,1
1976,75,1
5137,83,1
1699,96,1
2161,22,1
3651,89,1
1170,90,1
654,22,1
2620,7,1
2607,63,1
752,3,1
2371,71,1
1672,112,1
4909,80,1
2372,71,1
738,5,1
1891,92,1
5289,85,1
737,5,1
350,105,1
3673,113,1
1248,65,1
2855,65,1
5507,53,1
2718,3,1
2274,80,1
2219,10,1
1948,3,1
5551,53,1
3343,90,1
2758,91,1
5394,85,1
727,65,1
2484,53,1
1104,69,1
2294,80,1
2537,95,1
1595,80,1
3910,29,1
5130,83,1
4885,76,1
4521,32,1
3228,3,1
3872,46,1
3754,65,1
1122,63,1
4345,97,1
5623,80,1
3518,89,1
5044,83,1
2691,22,1
2421,3,1
3620,22,1
5331,96,1
1246,12,1
3383,82,1
2422,3,1
3255,7,1
5389,85,1
679,4,1
1701,96,1
915,75,1
5276,57,1
3746,46,1
5258,32,1
2915,46,1
4264,46,1
4054,8,1
4724,65,1
1197,19,1
3397,82,1
4154,41,1
1202,29,1
3621,20,1
4207,17,1
1460,92,1
1858,60,1
2464,50,1
3458,81,1
4598,61,1
942,27,1
3191,76,1
2181,1,1
5118,8,1
5664,80,1
1718,73,1
1930,92,1
2587,63,1
1941,73,1
4985,60,1
3172,93,1
4403,12,1
5211,61,1
2373,71,1
1418,25,1
1280,80,1
2348,75,1
2296,80,1
3784,25,1
1207,83,1
4255,83,1
2550,69,1
1518,29,1
2756,25,1
2226,17,1
3401,112,1
643,63,1
1313,22,1
5409,25,1
2253,4,1
1390,46,1
661,63,1
2123,94,1
5322,94,1
3871,76,1
2588,63,1
1996,92,1
1731,27,1
3580,65,1
3133,95,1
2845,76,1
3384,82,1
3144,5,1
911,50,1
3146,5,1
3768,73,1
4175,46,1
1189,81,1
2329,57,1
5008,50,1
2112,71,1
3325,26,1
3258,7,1
2384,46,1
1721,73,1
2776,29,1
3913,98,1
759,60,1
5095,1,1
3238,49,1
4210,56,1
2595,97,1
5648,80,1
5339,46,1
1371,112,1
2254,32,1
2048,56,1
5094,41,1
4696,3,1
2895,58,1
895,28,1
5329,83,1
1376,36,1
3830,61,1
5157,50,1
3265,7,1
5619,80,1
3508,56,1
3093,38,1
2926,15,1
1852,3,1
1024,60,1
1877,33,1
1275,80,1
2021,70,1
4910,46,1
3391,82,1
5407,46,1
2839,56,1
4727,50,1
5515,53,1
691,32,1
3678,113,1
5040,41,1
734,10,1
2869,32,1
1438,112,1
4556,78,1
3669,113,1
4966,79,1
4680,57,1
3230,3,1
1198,19,1
3078,37,1
4834,47,1
3682,113,1
889,1,1
1779,86,1
5347,75,1
2057,46,1
2903,46,1
671,80,1
781,3,1
2241,25,1
2982,29,1
2814,63,1
1265,65,1
985,71,1
4282,71,1
3463,15,1
1923,28,1
5206,46,1
2383,69,1
5045,95,1
3136,95,1
5428,7,1
2485,53,1
4707,46,1
4568,24,1
689,50,1
2374,71,1
5510,53,1
355,108,1
5404,69,1
5176,10,1
5457,4,1
3969,46,1
5305,11,1
3232,3,1
5005,50,1
4674,29,1
2406,11,1
646,57,1
4152,46,1
1140,4,1
984,71,1
709,32,1
1249,65,1
3590,3,1
2968,8,1
3632,18,1
5492,53,1
3777,77,1
1713,122,1
4758,46,1
3616,57,1
4759,46,1
1169,90,1
4797,1,1
2427,3,1
1291,56,1
3055,29,1
4384,14,1
4505,84,1
2538,95,1
4030,3,1
2302,80,1
676,1,1
5676,80,1
5616,80,1
1735,8,1
5670,80,1
1911,77,1
5459,95,1
1276,80,1
5628,80,1
2234,25,1
3014,14,1
5313,12,1
5444,95,1
5162,46,1
2863,81,1
5608,80,1
1063,1,1
1284,80,1
3893,53,1
1098,7,1
3266,7,1
4700,79,1
5594,46,1
1856,20,1
5498,53,1
3888,46,1
5160,65,1
3530,71,1
2370,71,1
2544,36,1
1092,92,1
3160,69,1
3167,69,1
1525,65,1
5527,53,1
5634,80,1
3017,34,1
1886,70,1
1738,22,1
4143,46,1
4923,56,1
5577,50,1
4192,46,1
1134,4,1
2539,95,1
2044,4,1
1862,20,1
883,25,1
5466,53,1
858,41,1
1794,92,1
4129,28,1
1498,28,1
1338,50,1
3698,70,1
4314,46,1
5270,50,1
2994,54,1
4159,86,1
3532,92,1
2545,36,1
4928,70,1
2860,89,1
4249,41,1
1010,60,1
2258,4,1
2107,60,1
3792,41,1
5025,87,1
5119,11,1
5164,32,1
4760,46,1
3025,36,1
4482,92,1
1083,52,1
3845,79,1
2283,80,1
3654,89,1
3468,46,1
4099,46,1
2996,92,1
2867,73,1
5122,41,1
4960,50,1
4399,57,1
3604,60,1
2477,52,1
3630,18,1
4103,1,1
3646,22,1
4567,46,1
4661,38,1
4559,27,1
3593,22,1
5068,22,1
5049,22,1
2844,73,1
4312,46,1
2347,78,1
3090,38,1
2558,71,1
4062,46,1
5333,56,1
5471,53,1
2805,94,1
3570,65,1
943,5,1
3751,80,1
3603,60,1
4866,12,1
5036,42,1
2392,97,1
2259,4,1
4278,98,1
3354,85,1
2931,68,1
916,22,1
3725,7,1
2843,96,1
4401,46,1
1488,76,1
2306,42,1
4471,41,1
4009,58,1
2326,14,1
4339,46,1
4732,17,1
1224,20,1
3052,78,1
5168,49,1
4911,41,1
5376,1,1
636,49,1
1428,29,1
2366,71,1
2788,98,1
4798,63,1
1883,4,1
4656,70,1
2546,36,1
5182,50,1
3974,46,1
4288,68,1
1056,82,1
4553,19,1
2861,25,1
4958,50,1
4480,46,1
4167,93,1
4535,4,1
673,25,1
2354,75,1
2635,78,1
4336,46,1
3234,3,1
5584,53,1
3239,49,1
1475,46,1
4106,28,1
4424,90,1
1833,3,1
1688,113,1
4492,28,1
3568,41,1
663,92,1
1349,53,1
774,7,1
5248,12,1
2299,80,1
4311,46,1
666,53,1
1091,92,1
1034,34,1
778,82,1
3848,76,1
5324,94,1
4016,65,1
5043,46,1
3609,80,1
5438,46,1
1271,80,1
3944,28,1
3596,22,1
4653,80,1
4622,92,1
3767,50,1
4676,68,1
4402,12,1
2856,65,1
2834,22,1
1841,20,1
4669,71,1
4221,63,1
4744,70,1
1605,18,1
1692,46,1
4077,66,1
5263,57,1
4945,15,1
2503,94,1
4636,71,1
2162,22,1
5401,11,1
4359,41,1
952,49,1
1193,14,1
3833,14,1
3860,36,1
1472,8,1
5665,80,1
4333,11,1
5374,10,1
3077,37,1
5197,78,1
2428,3,1
4038,60,1
4865,36,1
2358,75,1
3822,41,1
2963,5,1
2745,41,1
5473,53,1
5265,56,1
4872,36,1
1933,92,1
4825,27,1
4730,50,1
3811,11,1
2429,3,1
1769,46,1
3599,75,1
2942,33,1
2167,14,1
2775,66,1
5408,86,1
625,58,1
1201,19,1
3235,3,1
3267,7,1
903,11,1
4063,46,1
4590,14,1
2465,50,1
1000,70,1
4243,46,1
1296,57,1
1743,46,1
4357,46,1
3148,50,1
5241,50,1
5034,65,1
3149,50,1
4512,84,1
3192,76,1
3665,32,1
3193,76,1
3236,3,1
5416,10,1
5528,53,1
3131,98,1
2060,66,1
3491,65,1
3369,82,1
5469,53,1
5535,71,1
4446,25,1
3797,7,1
3608,60,1
2349,75,1
4122,57,1
1851,80,1
3333,26,1
2286,80,1
4383,65,1
2278,80,1
5514,53,1
4068,92,1
2640,12,1
4733,90,1
4743,52,1
4374,98,1
2130,20,1
5660,80,1
1949,65,1
3536,92,1
1154,75,1
5364,90,1
3898,36,1
1250,65,1
1255,65,1
4912,65,1
3563,11,1
1742,65,1
2726,20,1
3046,19,1
1184,54,1
1805,65,1
3083,95,1
5012,14,1
2517,38,1
1005,60,1
5487,53,1
4001,53,1
1990,28,1
2148,22,1
2633,34,1
2833,22,1
1031,60,1
1710,73,1
3789,46,1
1391,46,1
4774,47,1
4667,88,1
2404,87,1
5093,87,1
2375,71,1
4900,61,1
2773,41,1
3105,88,1
4368,57,1
2787,98,1
2244,30,1
2367,71,1
5295,10,1
2590,46,1
5325,7,1
3728,41,1
2616,3,1
1881,25,1
932,24,1
3722,75,1
2528,5,1
4997,50,1
4541,3,1
3415,46,1
4894,70,1
3481,46,1
1678,46,1
3864,87,1
5111,10,1
3047,19,1
5578,50,1
5047,75,1
5402,85,1
2750,22,1
5208,41,1
4045,78,1
751,60,1
2017,34,1
787,88,1
746,18,1
4198,22,1
3511,36,1
5244,12,1
4277,65,1
4191,3,1
1744,105,1
3073,42,1
1889,22,1
2761,12,1
2759,46,1
3941,65,1
831,46,1
3015,14,1
859,41,1
2948,49,1
4350,70,1
4878,41,1
860,41,1
3433,65,1
2182,1,1
4335,17,1
2529,5,1
4950,79,1
1116,63,1
3625,20,1
1906,87,1
628,87,1
2133,20,1
5100,29,1
3661,3,1
3655,46,1
4941,3,1
4240,22,1
1972,29,1
5174,38,1
2709,29,1
1902,22,1
5420,17,1
4704,42,1
832,46,1
1771,46,1
5001,12,1
5116,8,1
2974,33,1
3874,3,1
2897,46,1
659,94,1
1039,34,1
3048,19,1
4731,79,1
2497,5,1
869,41,1
4091,46,1
5589,53,1
1772,87,1
1365,97,1
870,41,1
2919,15,1
4382,22,1
790,22,1
1159,87,1
2706,28,1
1747,41,1
1324,3,1
4734,41,1
2798,92,1
3033,47,1
3919,46,1
1514,46,1
5361,41,1
5479,53,1
3798,41,1
2003,19,1
3525,11,1
902,28,1
2360,8,1
914,17,1
5508,53,1
930,66,1
4342,86,1
1696,33,1
4341,61,1
2389,24,1
2118,78,1
4300,41,1
960,66,1
2716,47,1
5430,7,1
3194,76,1
4793,42,1
1611,53,1
3237,3,1
3322,26,1
3150,5,1
1035,34,1
3737,1,1
3587,57,1
4176,41,1
5115,8,1
4848,46,1
871,41,1
4125,54,1
5652,80,1
4599,80,1
3958,60,1
1955,27,1
1795,58,1
3395,82,1
791,3,1
1517,122,1
3670,113,1
769,7,1
3765,7,1
4260,38,1
3390,82,1
5128,83,1
3505,46,1
1002,79,1
2651,60,1
2737,25,1
3594,22,1
3341,90,1
2831,82,1
656,94,1
2889,54,1
3652,46,1
4279,46,1
1008,60,1
3931,46,1
2886,38,1
3879,41,1
4276,61,1
3134,37,1
2652,46,1
2268,122,1
4899,61,1
1444,46,1
4776,17,1
3405,14,1
3248,3,1
4237,46,1
1384,71,1
3595,22,1
2949,41,1
2927,15,1
4548,29,1
4171,22,1
3127,8,1
4687,11,1
3927,46,1
2916,46,1
2574,46,1
2657,46,1
825,105,1
2172,57,1
2965,5,1
3663,65,1
2972,5,1
2037,50,1
3978,70,1
3579,65,1
1066,1,1
4354,41,1
1305,22,1
4066,22,1
4561,17,1
1234,18,1
2739,56,1
4562,17,1
4292,28,1
1175,85,1
1766,17,1
3687,113,1
1969,38,1
2401,52,1
5124,24,1
2627,7,1
1323,3,1
2629,3,1
3988,41,1
4457,14,1
3268,7,1
4836,56,1
2272,14,1
2255,32,1
2409,94,1
2486,53,1
2765,46,1
3815,22,1
2171,57,1
3624,20,1
5286,46,1
2723,20,1
3912,46,1
3250,3,1
4520,46,1
3918,46,1
3269,7,1
5112,10,1
3818,3,1
4974,78,1
3835,70,1
5220,91,1
1214,42,1
4898,61,1
1859,19,1
4799,20,1
1837,57,1
3370,82,1
618,14,1
970,71,1
1443,96,1
771,60,1
5105,10,1
1316,3,1
3005,82,1
3362,82,1
3120,112,1
4021,81,1
941,27,1
1220,32,1
1656,27,1
5268,50,1
4645,81,1
1187,81,1
621,17,1
4481,71,1
3771,76,1
1282,80,1
3428,20,1
3993,46,1
4058,46,1
1049,82,1
2416,3,1
1110,37,1
743,5,1
3922,22,1
944,5,1
2004,78,1
3497,18,1
1843,42,1
4660,60,1
5352,82,1
2816,90,1
5062,46,1
1975,33,1
3195,76,1
2420,3,1
5253,65,1
4993,50,1
1759,105,1
2519,94,1
3544,20,1
4557,19,1
1609,65,1
2031,46,1
2584,58,1
1448,46,1
2164,66,1
4616,7,1
3740,46,1
3111,71,1
2975,33,1
4087,71,1
953,49,1
4098,46,1
3213,19,1
3773,98,1
760,82,1
3901,46,1
2692,63,1
5467,53,1
1733,66,1
4570,15,1
3056,29,1
4702,82,1
1897,92,1
5397,85,1
4407,12,1
1388,112,1
4371,98,1
5200,26,1
5210,91,1
2127,3,1
1751,105,1
639,22,1
1436,46,1
2450,4,1
2938,22,1
1677,4,1
2621,7,1
3251,3,1
2659,90,1
4168,78,1
4838,26,1
1763,105,1
649,73,1
1325,3,1
5335,78,1
2008,38,1
2992,68,1
3584,80,1
4245,3,1
833,46,1
4114,46,1
3096,54,1
4688,3,1
1898,108,1
2040,58,1
2978,42,1
5326,7,1
2979,42,1
5442,112,1
1756,105,1
3980,15,1
1295,57,1
4447,27,1
2466,50,1
1532,105,1
3326,26,1
1152,75,1
3094,54,1
1392,46,1
3074,42,1
3252,3,1
1423,64,1
4060,46,1
2712,91,1
2050,53,1
879,46,1
2744,41,1
3016,79,1
1025,60,1
2624,7,1
996,70,1
3366,82,1
4367,80,1
2126,66,1
4591,60,1
2760,46,1
4643,76,1
2690,46,1
5099,46,1
4031,4,1
1681,105,1
3742,41,1
2346,89,1
2449,4,1
3388,82,1
3495,63,1
1408,46,1
2995,70,1
4814,49,1
1907,18,1
3013,14,1
4952,46,1
5076,18,1
3315,60,1
5089,36,1
2738,15,1
5588,53,1
5056,19,1
2287,80,1
410,4,1
3991,44,1
3196,76,1
2665,29,1
5482,53,1
5357,5,1
5084,46,1
2782,93,1
3976,46,1
3403,63,1
3042,66,1
5059,46,1
3386,82,1
4606,38,1
1283,80,1
5646,80,1
4729,61,1
1242,15,1
4922,56,1
494,112,1
4642,50,1
5257,32,1
3854,46,1
1006,60,1
834,46,1
762,3,1
3516,63,1
2221,10,1
4284,66,1
4258,61,1
899,92,1
2832,18,1
1483,61,1
4580,79,1
606,42,1
3986,41,1
2430,3,1
2030,30,1
4620,22,1
5035,36,1
2813,63,1
1421,66,1
3540,75,1
1984,75,1
5474,53,1
1521,87,1
1142,4,1
4487,11,1
358,105,1
5067,73,1
5597,80,1
1135,4,1
3021,12,1
4187,25,1
3629,18,1
5557,50,1
2451,4,1
2301,80,1
4105,41,1
2291,80,1
3995,4,1
2774,29,1
3700,10,1
4534,65,1
893,63,1
2317,94,1
5340,46,1
4026,75,1
4287,28,1
758,7,1
1103,7,1
1153,75,1
995,70,1
3656,46,1
5450,4,1
4413,12,1
5354,83,1
2883,28,1
2095,105,1
3582,22,1
1102,7,1
688,4,1
614,38,1
1467,25,1
1393,46,1
4348,24,1
4472,10,1
2686,68,1
1956,87,1
3820,25,1
4979,98,1
1419,36,1
5524,53,1
2115,29,1
1355,76,1
1485,18,1
1938,15,1
5177,75,1
1784,29,1
1238,15,1
3858,80,1
3869,46,1
877,46,1
5565,50,1
3756,7,1
925,76,1
4588,20,1
3421,60,1
3253,3,1
2361,8,1
2216,10,1
3923,49,1
1382,71,1
3639,65,1
2661,90,1
2230,24,1
1527,22,1
3896,46,1
5078,68,1
2183,1,1
3510,94,1
2762,46,1
2249,42,1
1188,81,1
1094,92,1
3961,46,1
2736,25,1
3515,81,1
5368,41,1
2243,25,1
2891,54,1
2184,1,1
4984,65,1
5135,83,1
4916,83,1
4423,90,1
4996,12,1
4029,41,1
4448,27,1
1136,4,1
2061,47,1
4745,27,1
1848,70,1
3779,27,1
1916,28,1
3873,41,1
4765,75,1
5454,25,1
3631,18,1
1435,47,1
4537,3,1
1806,46,1
835,46,1
4266,46,1
4589,54,1
5188,50,1
1289,56,1
2025,65,1
1926,46,1
706,1,1
2950,5,1
4349,28,1
2809,94,1
3813,56,1
4925,14,1
3909,46,1
4607,1,1
3452,75,1
4268,46,1
3100,61,1
4329,47,1
4330,86,1
4613,83,1
4242,92,1
3588,57,1
3997,46,1
1165,88,1
929,46,1
1429,60,1
3135,37,1
4647,47,1
3726,54,1
2467,50,1
2868,1,1
3769,87,1
3422,47,1
3809,36,1
696,4,1
1588,41,1
2248,32,1
1407,46,1
2945,27,1
660,92,1
1773,7,1
2804,91,1
4110,46,1
4056,4,1
4451,1,1
2835,56,1
5571,50,1
4263,46,1
5585,53,1
1007,60,1
992,10,1
2295,80,1
1360,25,1
4781,5,1
1032,60,1
3676,113,1
4809,22,1
4716,80,1
5633,80,1
5192,4,1
714,75,1
5525,53,1
2671,15,1
2177,1,1
3351,90,1
1185,54,1
5312,10,1
3095,54,1
4634,95,1
2932,68,1
1736,12,1
2823,88,1
2478,52,1
3007,96,1
3506,46,1
5587,53,1
4641,56,1
3690,113,1
2514,38,1
3747,69,1
2185,1,1
3674,113,1
3883,63,1
2551,69,1
5559,50,1
1045,89,1
3891,80,1
3902,80,1
5505,53,1
1451,28,1
2005,105,1
1974,33,1
4868,94,1
5264,57,1
3614,4,1
2552,69,1
5328,57,1
4972,50,1
3432,97,1
4137,29,1
1453,41,1
5542,80,1
4332,38,1
2222,10,1
3667,113,1
5516,53,1
2617,3,1
4601,49,1
1430,46,1
3494,63,1
4525,36,1
4453,46,1
2333,65,1
2325,14,1
3501,81,1
2683,15,1
2103,4,1
2276,80,1
5613,80,1
5297,5,1
1788,94,1
5534,71,1
3878,46,1
5399,85,1
2452,4,1
2951,58,1
4722,61,1
2308,87,1
2264,32,1
1051,82,1
4400,99,1
2024,71,1
3786,46,1
3072,42,1
5121,53,1
1096,7,1
3010,85,1
2315,12,1
2904,46,1
1144,4,1
2487,53,1
2136,105,1
1608,18,1
2307,42,1
4710,22,1
3254,3,1
2576,46,1
2731,57,1
3759,46,1
2628,24,1
5583,3,1
2423,3,1
5637,80,1
2896,46,1
2829,82,1
4261,29,1
2873,41,1
2902,46,1
3332,26,1
3256,3,1
2933,68,1
1130,73,1
2601,80,1
3112,112,1
3480,92,1
2618,7,1
2160,89,1
2256,32,1
933,87,1
3954,70,1
5082,84,1
4514,84,1
1099,7,1
5279,90,1
2453,4,1
4817,50,1
1258,65,1
4560,19,1
1378,36,1
2376,71,1
1078,52,1
695,50,1
4236,53,1
5580,50,1
4578,78,1
4973,80,1
4929,91,1
5435,33,1
3571,65,1
836,46,1
2292,80,1
4771,89,1
1129,73,1
1385,71,1
672,80,1
4967,78,1
1302,93,1
2821,80,1
1191,81,1
2320,3,1
4725,79,1
4629,29,1
4138,28,1
945,5,1
4439,60,1
2271,3,1
4917,91,1
4869,60,1
3503,60,1
2165,19,1
3214,19,1
2650,61,1
5292,89,1
1963,19,1
2585,34,1
4224,42,1
3197,76,1
2611,3,1
3018,60,1
2377,71,1
3719,50,1
3270,7,1
3867,75,1
2695,4,1
4902,92,1
5621,80,1
3371,82,1
1230,20,1
1587,18,1
1076,52,1
2705,28,1
3198,76,1
3706,86,1
4796,42,1
3605,60,1
1924,46,1
5237,54,1
4053,95,1
1961,63,1
1326,3,1
4188,60,1
4747,90,1
5418,10,1
4754,46,1
5425,7,1
4736,41,1
5614,80,1
2096,32,1
2280,80,1
4134,41,1
1704,28,1
4233,56,1
2124,94,1
5037,90,1
3493,20,1
3707,41,1
1290,56,1
5513,53,1
3708,108,1
4802,22,1
5499,53,1
2027,41,1
2822,94,1
5219,91,1
1013,60,1
715,65,1
767,60,1
3772,30,1
1061,1,1
2530,5,1
1893,17,1
2803,83,1
1724,92,1
2703,92,1
1910,12,1
3938,60,1
3257,3,1
4779,60,1
3764,38,1
755,18,1
2140,36,1
1804,65,1
1366,97,1
5640,80,1
891,47,1
5501,53,1
2304,80,1
1337,3,1
5077,3,1
4315,29,1
5649,80,1
683,4,1
2609,20,1
3329,26,1
4720,36,1
5392,85,1
4566,12,1
4490,91,1
5599,80,1
2225,17,1
1973,75,1
5021,78,1
4015,78,1
3378,82,1
2808,26,1
1050,82,1
2019,34,1
5250,12,1
5609,53,1
3659,57,1
5356,83,1
1272,80,1
5086,84,1
4892,53,1
2505,94,1
5251,12,1
1344,50,1
2454,4,1
4489,4,1
1479,91,1
1846,15,1
2780,69,1
5576,50,1
1111,37,1
1109,69,1
2462,50,1
2337,11,1
5672,80,1
2815,90,1
2275,80,1
1473,65,1
5486,53,1
3523,11,1
1709,73,1
5214,91,1
1149,75,1
4265,46,1
4609,46,1
3703,76,1
5308,10,1
1071,61,1
3638,71,1
2350,75,1
4414,12,1
766,82,1
1087,38,1
1048,82,1
1458,75,1
2062,37,1
4466,11,1
3712,69,1
1789,122,1
5417,10,1
4257,83,1
1267,65,1
2236,25,1
2880,60,1
1702,28,1
4876,65,1
837,46,1
4294,61,1
2134,20,1
5659,80,1
5547,80,1
3745,83,1
3394,82,1
3271,7,1
2049,53,1
5153,50,1
5026,87,1
4507,84,1
5385,85,1
2920,69,1
3547,4,1
2521,94,1
4690,79,1
2824,88,1
1043,89,1
1172,86,1
5083,83,1
4982,50,1
3933,60,1
498,112,1
4089,28,1
1115,37,1
1178,85,1
5668,80,1
4631,46,1
4764,3,1
4919,56,1
2864,81,1
1840,57,1
2359,75,1
1052,82,1
1058,82,1
2520,94,1
3806,41,1
2749,33,1
3103,88,1
5654,80,1
2748,33,1
2113,70,1
964,28,1
861,41,1
1372,36,1
1379,36,1
613,24,1
4749,41,1
2289,80,1
1801,70,1
1950,25,1
1075,17,1
3151,50,1
5671,80,1
2682,19,1
4048,3,1
5167,80,1
862,41,1
1205,29,1
4096,18,1
1613,65,1
665,33,1
1755,113,1
874,41,1
990,47,1
3939,60,1
5243,12,1
2884,38,1
2523,5,1
1786,105,1
3259,3,1
4881,41,1
2006,33,1
1123,68,1
5530,53,1
682,32,1
4932,41,1
3161,69,1
2801,18,1
756,7,1
3260,3,1
4318,81,1
2939,94,1
1940,15,1
4097,18,1
1936,15,1
1410,46,1
3215,19,1
817,46,1
1237,15,1
4150,46,1
5431,7,1
2186,1,1
5502,53,1
4780,36,1
3153,5,1
2677,22,1
3311,8,1
4927,46,1
3929,41,1
5061,3,1
4343,97,1
4903,41,1
1777,47,1
594,17,1
4810,27,1
1044,89,1
5531,53,1
789,71,1
1143,4,1
5636,80,1
5030,22,1
1105,69,1
1707,29,1
4709,79,1
5149,50,1
1581,97,1
5284,28,1
2260,4,1
5015,10,1
1168,88,1
2405,87,1
5386,28,1
3316,15,1
2311,46,1
3346,82,1
3113,112,1
890,47,1
4980,50,1
5143,83,1
4178,46,1
4201,22,1
2417,34,1
4742,17,1
5261,69,1
838,46,1
4184,20,1
3862,65,1
2396,52,1
1107,69,1
1411,41,1
4891,54,1
5042,53,1
1402,41,1
3970,60,1
4437,41,1
5011,65,1
3471,42,1
2034,50,1
2754,56,1
4728,50,1
2038,50,1
1439,17,1
4289,46,1
2697,15,1
4297,33,1
5065,90,1
4773,53,1
5281,90,1
5590,53,1
1399,41,1
2570,46,1
2159,24,1
731,8,1
3757,87,1
3124,89,1
3356,85,1
1363,97,1
3387,82,1
963,28,1
1768,86,1
3549,57,1
1203,29,1
4963,50,1
4861,60,1
4930,46,1
2174,3,1
1596,11,1
2561,10,1
829,105,1
4075,46,1
1009,60,1
3272,7,1
3053,78,1
3273,7,1
3905,86,1
2516,38,1
5006,12,1
5600,80,1
728,75,1
4479,17,1
4827,41,1
3162,69,1
2536,95,1
1069,61,1
3089,38,1
1317,3,1
3916,41,1
1157,75,1
3363,82,1
1082,52,1
3851,69,1
5022,41,1
2818,85,1
4420,46,1
1394,46,1
3946,66,1
2680,14,1
973,64,1
3122,54,1
1162,87,1
2964,8,1
4826,41,1
912,11,1
2187,1,1
4043,41,1
4948,87,1
4934,91,1
2063,17,1
4050,46,1
1403,86,1
4117,46,1
4739,65,1
1474,46,1
1466,18,1
892,33,1
634,11,1
1863,18,1
1125,68,1
2022,24,1
1340,50,1
2783,93,1
2468,50,1
4519,79,1
4849,65,1
2625,7,1
3003,82,1
1348,84,1
4527,36,1
2612,79,1
2828,82,1
2846,36,1
5448,4,1
824,105,1
2524,5,1
1500,46,1
4777,80,1
2918,15,1
2227,17,1
2277,80,1
5342,41,1
3121,54,1
4156,46,1
2001,3,1
5500,53,1
4699,79,1
2166,14,1
5236,54,1
1623,105,1
1507,46,1
1965,63,1
1377,36,1
2407,11,1
1614,32,1
2730,57,1
3119,112,1
2614,79,1
2626,7,1
5131,65,1
4738,90,1
559,46,1
2675,75,1
3475,88,1
2518,94,1
1636,113,1
4887,29,1
4886,3,1
3843,46,1
4132,78,1
3998,17,1
1729,41,1
5070,17,1
2343,34,1
1508,46,1
3029,87,1
2170,50,1
3059,27,1
1722,46,1
2764,46,1
4914,7,1
705,76,1
2261,4,1
1301,57,1
3469,7,1
4908,89,1
2023,50,1
3634,18,1
5079,79,1
1654,112,1
3154,5,1
5113,8,1
2694,71,1
5343,73,1
1776,18,1
1046,89,1
2455,4,1
1262,65,1
1471,65,1
2288,80,1
1254,65,1
3465,53,1
4540,80,1
2188,1,1
3600,52,1
4665,27,1
3012,22,1
3020,12,1
4002,78,1
3108,97,1
3041,66,1
2879,41,1
4254,50,1
3838,73,1
4957,60,1
5679,80,1
3861,60,1
5550,53,1
3904,3,1
1489,63,1
1666,105,1
361,113,1
2666,17,1
2993,7,1
4612,15,1
3950,60,1
1026,60,1
2390,28,1
1243,12,1
3522,18,1
2471,52,1
1375,36,1
2265,46,1
2146,46,1
2007,29,1
3553,75,1
3683,113,1
2673,49,1
4659,46,1
5304,38,1
3721,20,1
3552,50,1
1106,69,1
4683,29,1
4387,60,1
5517,53,1
4600,65,1
2888,54,1
1464,41,1
763,3,1
2475,52,1
5574,50,1
5187,50,1
4193,22,1
3957,60,1
1866,3,1
3564,60,1
2157,7,1
777,3,1
5611,80,1
4363,46,1
5046,46,1
1306,22,1
3216,19,1
4624,91,1
1459,46,1
4010,78,1
1523,53,1
1496,28,1
4440,60,1
1367,97,1
3274,7,1
5273,50,1
4270,29,1
3709,46,1
5560,50,1
3502,41,1
3152,50,1
406,57,1
4166,22,1
3645,57,1
2825,88,1
4924,79,1
5163,32,1
5655,80,1
662,56,1
4751,46,1
4093,41,1
1717,73,1
2875,41,1
708,50,1
2799,92,1
4873,41,1
2235,25,1
5117,8,1
5566,50,1
1750,92,1
3617,57,1
4711,92,1
3787,12,1
4936,71,1
3948,46,1
1511,22,1
2658,60,1
4488,11,1
5231,54,1
5552,50,1
3444,11,1
2954,49,1
3543,57,1
1442,1,1
5488,53,1
2504,33,1
1278,80,1
2163,18,1
2147,75,1
669,57,1
1785,58,1
2334,50,1
4516,84,1
1146,4,1
5029,87,1
3382,82,1
4823,57,1
1318,3,1
5212,91,1
3736,46,1
978,64,1
3959,86,1
3653,70,1
3163,69,1
4017,76,1
3533,53,1
5545,80,1
1522,46,1
2631,7,1
3999,46,1
4269,41,1
3800,7,1
3076,37,1
3344,90,1
3423,81,1
3430,36,1
5555,50,1
3337,82,1
1700,96,1
1865,38,1
5229,12,1
5427,7,1
2189,1,1
2351,75,1
5378,3,1
2237,25,1
4078,46,1
4576,3,1
2571,46,1
4055,46,1
4998,50,1
5379,3,1
1263,65,1
4465,11,1
2273,80,1
2827,82,1
1328,3,1
4155,92,1
4074,4,1
5096,80,1
1968,38,1
2784,93,1
5033,57,1
3199,76,1
2414,81,1
2190,1,1
1870,50,1
913,75,1
1490,81,1
772,3,1
1432,71,1
1180,85,1
2922,41,1
2431,3,1
3062,27,1
5307,10,1
5221,70,1
2342,3,1
3181,5,1
4539,3,1
1741,92,1
1872,17,1
4461,41,1
4169,42,1
983,71,1
3968,41,1
2575,46,1
3853,46,1
4275,27,1
3622,20,1
2132,86,1
4815,50,1
5154,71,1
3949,28,1
1216,42,1
4549,24,1
1113,37,1
3431,41,1
2099,42,1
1053,82,1
3907,41,1
4151,65,1
3275,7,1
2613,7,1
5269,50,1
2769,46,1
2232,24,1
3812,60,1
4896,60,1
3360,82,1
1329,3,1
4251,77,1
3381,82,1
4995,12,1
4032,46,1
5080,56,1
1404,92,1
1803,18,1
681,32,1
4477,33,1
1001,70,1
3132,99,1
3983,41,1
3155,50,1
1844,98,1
5224,34,1
4486,11,1
1802,7,1
2969,8,1
2093,41,1
3770,49,1
5155,50,1
2778,37,1
2324,28,1
1252,65,1
2312,46,1
3011,46,1
2871,41,1
744,5,1
5120,8,1
697,4,1
4430,46,1
4469,11,1
2622,7,1
5127,83,1
4358,46,1
4355,46,1
3524,11,1
4202,112,1
4319,14,1
896,54,1
2967,8,1
1520,46,1
2636,12,1
1903,22,1
2033,50,1
5246,12,1
3217,19,1
4177,46,1
2755,70,1
5348,27,1
2971,5,1
360,113,1
1232,20,1
3880,61,1
3156,50,1
4225,20,1
4228,46,1
5254,8,1
1510,28,1
4173,46,1
3557,57,1
4551,65,1
1406,46,1
4095,19,1
863,41,1
4981,50,1
2976,33,1
3030,58,1
2357,75,1
1241,15,1
1400,41,1
3763,71,1
5058,99,1
3889,46,1
3660,56,1
3788,36,1
4204,41,1
5421,10,1
1468,46,1
4617,8,1
839,46,1
1537,86,1
864,41,1
501,113,1
4351,71,1
5461,32,1
2388,33,1
2479,52,1
5181,41,1
3618,22,1
3339,90,1
1309,22,1
3591,36,1
2740,56,1
4044,41,1
3668,113,1
840,46,1
2495,5,1
1310,22,1
2604,63,1
670,57,1
1586,46,1
3865,46,1
3240,49,1
4686,46,1
3664,46,1
3261,3,1
885,38,1
3881,61,1
5553,50,1
1748,41,1
1395,46,1
2116,78,1
2763,46,1
5529,53,1
1086,52,1
3438,46,1
1206,29,1
4794,78,1
2859,89,1
1979,71,1
1047,82,1
2173,10,1
3425,25,1
4713,75,1
710,75,1
3392,82,1
3921,32,1
5642,80,1
1345,84,1
1131,73,1
4295,90,1
2102,83,1
3589,57,1
3340,90,1
2011,98,1
2569,64,1
4186,92,1
4417,33,1
2586,34,1
826,105,1
3200,76,1
3850,29,1
2632,28,1
3080,37,1
4073,29,1
1499,46,1
951,49,1
4025,46,1
5230,54,1
2940,94,1
5533,53,1
1181,26,1
3201,76,1
3218,19,1
5204,61,1
2101,46,1
2247,32,1
5355,83,1
5381,8,1
1739,92,1
5630,80,1
2890,54,1
4121,41,1
4024,27,1
3935,41,1
5377,36,1
4441,3,1
4084,64,1
5463,11,1
2285,80,1
1204,29,1
4144,17,1
4286,46,1
1177,85,1
4563,66,1
3752,41,1
3930,29,1
5275,57,1
5179,75,1
5470,53,1
5449,4,1
5632,80,1
2412,65,1
4893,46,1
4493,71,1
1945,25,1
901,92,1
3393,82,1
3061,27,1
3567,46,1
5240,50,1
2313,46,1
2191,1,1
3367,82,1
4164,52,1
4498,84,1
1036,34,1
1089,38,1
4299,41,1
4146,46,1
4766,60,1
5051,60,1
3876,46,1
5161,60,1
3952,22,1
3241,49,1
3101,88,1
1219,32,1
1583,97,1
502,105,1
4018,25,1
3679,113,1
1121,63,1
4366,80,1
3724,57,1
4172,46,1
4587,50,1
4550,46,1
1999,46,1
5184,50,1
5591,53,1
2474,52,1
2432,3,1
2035,50,1
5169,60,1
1027,60,1
2488,53,1
4305,46,1
3982,14,1
4949,56,1
5575,50,1
5190,8,1
4411,12,1
1749,41,1
1937,15,1
2009,25,1
986,71,1
4380,86,1
1164,88,1
5523,53,1
2433,3,1
918,86,1
2885,38,1
1612,53,1
3527,91,1
2990,28,1
1860,29,1
4020,87,1
2122,80,1
684,32,1
2693,71,1
4964,50,1
3870,75,1
5403,65,1
2108,11,1
1512,17,1
1285,80,1
4574,17,1
503,108,1
3684,113,1
2501,69,1
2332,46,1
900,92,1
1811,92,1
1274,80,1
3555,41,1
3778,32,1
5166,32,1
5180,41,1
4789,60,1
4463,46,1
1482,29,1
716,75,1
2026,75,1
4160,46,1
4737,90,1
2100,87,1
1029,60,1
2579,61,1
1509,30,1
3906,46,1
2702,60,1
3262,3,1
4365,94,1
765,7,1
5447,4,1
693,4,1
1455,75,1
2316,11,1
5317,29,1
1163,98,1
4086,60,1
3731,36,1
5069,73,1
3775,46,1
2028,61,1
779,18,1
3705,108,1
2238,25,1
3482,5,1
2819,80,1
5489,53,1
5520,53,1
1101,7,1
3263,3,1
5563,50,1
2192,1,1
4855,46,1
1914,46,1
4596,66,1
607,68,1
5673,80,1
4619,50,1
4940,56,1
2898,46,1
2777,37,1
2282,80,1
4309,60,1
4231,47,1
1991,8,1
3704,76,1
2854,76,1
5310,10,1
924,76,1
3164,69,1
841,46,1
1441,94,1
1171,90,1
5370,41,1
4603,57,1
2605,63,1
3138,37,1
3125,56,1
4235,28,1
4586,3,1
5337,41,1
5526,53,1
3884,46,1
3050,19,1
4069,70,1
4495,47,1
2553,69,1
3182,5,1
4012,65,1
3040,66,1
1487,46,1
894,47,1
2689,97,1
5028,87,1
2687,68,1
5366,83,1
2596,88,1
4986,52,1
5151,50,1
1030,60,1
3766,60,1
1127,68,1
3165,69,1
2704,29,1
1085,52,1
1726,46,1
1770,46,1
1330,3,1
3436,4,1
5562,50,1
3045,49,1
2042,50,1
4689,17,1
1279,80,1
4478,29,1
5336,82,1
3173,93,1
4808,86,1
4112,58,1
4111,71,1
2460,22,1
1918,73,1
4843,12,1
969,71,1
2506,33,1
2728,41,1
2955,47,1
598,17,1
4867,17,1
1079,52,1
2270,33,1
2591,92,1
4746,8,1
4362,81,1
3358,82,1
1183,54,1
4602,41,1
3489,71,1
2793,77,1
1501,32,1
3264,3,1
1396,46,1
2637,78,1
4750,29,1
1734,22,1
1939,15,1
1832,24,1
4119,46,1
4331,46,1
2663,78,1
2977,33,1
5256,11,1
2956,86,1
4014,7,1
3321,96,1
786,71,1
698,4,1
4666,46,1
2923,41,1
385,26,1
2470,52,1
5432,7,1
5373,85,1
5445,95,1
1244,12,1
842,46,1
4458,56,1
4208,75,1
5282,90,1
5222,83,1
1210,83,1
3836,46,1
2892,54,1
405,11,1
5306,10,1
3286,3,1
5320,81,1
1767,46,1
732,5,1
3019,12,1
4694,3,1
5532,53,1
949,58,1
975,64,1
5019,10,1
754,7,1
4614,57,1
3903,5,1
1264,65,1
4775,53,1
4322,28,1
2766,46,1
3312,8,1
3287,3,1
1998,46,1
2119,78,1
965,28,1
3060,27,1
2907,46,1
4573,46,1
1037,34,1
4770,24,1
922,76,1
3202,76,1
736,98,1
3063,27,1
5199,46,1
3323,26,1
1374,36,1
652,80,1
1663,7,1
721,71,1
3220,18,1
1038,34,1
5052,27,1
5536,47,1
4804,22,1
3049,81,1
2619,3,1
713,71,1
5439,112,1
2724,20,1
3376,82,1
4308,46,1
5647,80,1
642,92,1
5518,53,1
5548,53,1
4378,71,1
3718,60,1
1994,25,1
5643,80,1
4821,50,1
1478,98,1
5663,80,1
5411,10,1
1932,92,1
5656,80,1
5477,53,1
5132,57,1
1261,65,1
5242,12,1
2865,98,1
5592,53,1
3368,82,1
5321,20,1
2262,4,1
3758,98,1
1294,56,1
3529,20,1
4523,87,1
5351,57,1
711,65,1
3203,76,1
3221,18,1
4352,68,1
5372,112,1
4889,91,1
3537,92,1
2400,52,1
5050,53,1
2448,4,1
2751,65,1
2378,71,1
1470,65,1
3975,41,1
4880,41,1
987,47,1
3897,14,1
4428,46,1
5018,10,1
3128,99,1
2820,80,1
4039,60,1
1133,73,1
1831,18,1
1693,8,1
4272,46,1
2279,80,1
4558,78,1
4644,65,1
3855,46,1
3932,17,1
2415,19,1
1293,56,1
4955,12,1
4227,20,1
3729,46,1
3037,34,1
1810,41,1
4721,36,1
5195,73,1
5048,46,1
4768,7,1
3222,19,1
3937,46,1
2321,79,1
5332,83,1
5217,91,1
3437,25,1
1620,122,1
2559,41,1
1257,65,1
1719,73,1
3892,46,1
5194,41,1
1228,20,1
2700,76,1
4784,20,1
2193,1,1
4035,19,1
5405,69,1
4418,90,1
5038,83,1
5140,83,1
5088,24,1
1452,71,1
3691,105,1
3681,113,1
1100,7,1
5101,10,1
4209,3,1
700,1,1
1861,18,1
5478,53,1
3004,60,1
3781,3,1
2284,80,1
2194,4,1
5455,25,1
991,10,1
2402,52,1
3288,3,1
1723,20,1
5567,50,1
3385,82,1
4232,46,1
4735,41,1
2154,75,1
5490,53,1
1904,70,1
927,11,1
3289,3,1
3290,3,1
3291,3,1
5480,53,1
3885,46,1
5007,50,1
2699,66,1
4706,17,1
4149,46,1
4863,97,1
3816,46,1
2391,41,1
5303,49,1
5260,41,1
4763,92,1
2195,1,1
4906,20,1
3276,7,1
3483,28,1
1845,15,1
2577,46,1
3558,57,1
4189,65,1
5186,50,1
5098,38,1
3002,82,1
3211,10,1
5572,50,1
3292,3,1
5272,50,1
1319,3,1
651,36,1
3342,82,1
3293,3,1
4850,41,1
3569,50,1
4637,3,1
2434,3,1
2717,3,1
1431,61,1
599,70,1
5586,53,1
3294,3,1
4870,12,1
3183,5,1
2701,18,1
2810,60,1
3184,5,1
4806,68,1
3602,52,1
2002,53,1
4575,80,1
5491,53,1
1097,7,1
4968,50,1
2572,46,1
4320,24,1
5009,50,1
2531,5,1
1791,3,1
3685,113,1
4860,63,1
2894,58,1
3295,3,1
5108,10,1
749,3,1
4306,14,1
3735,41,1
2615,7,1
5314,15,1
1989,4,1
5063,57,1
2921,41,1
3409,36,1
5612,80,1
5415,10,1
1353,53,1
2676,75,1
4801,22,1
2138,58,1
1132,73,1
5429,71,1
1796,3,1
5475,53,1
655,53,1
3277,7,1
2870,52,1
5004,50,1
1117,63,1
1922,73,1
5426,7,1
722,65,1
5249,12,1
3439,20,1
5002,50,1
2851,76,1
5564,50,1
650,97,1
4858,97,1
750,60,1
3613,4,1
757,60,1
2169,5,1
3534,92,1
3296,3,1
4961,50,1
2757,63,1
5013,24,1
4049,15,1
5635,80,1
4460,46,1
4529,57,1
4454,5,1
3166,69,1
2257,32,1
3485,46,1
5215,91,1
3374,82,1
5638,80,1
2639,78,1
1195,14,1
3486,71,1
3633,18,1
2876,41,1
5234,54,1
4104,46,1
3102,88,1
3715,81,1
2364,8,1
723,71,1
4296,90,1
4990,92,1
3377,82,1
3353,82,1
3928,81,1
843,46,1
3347,90,1
2548,64,1
1359,33,1
678,4,1
5110,10,1
720,71,1
4307,80,1
1090,92,1
1921,57,1
5462,87,1
3224,19,1
981,71,1
2139,75,1
936,11,1
1028,60,1
1995,99,1
792,29,1
2771,46,1
1890,46,1
1967,38,1
4412,12,1
1787,46,1
5057,36,1
4162,60,1
4218,87,1
1871,50,1
3565,60,1
4389,46,1
5107,10,1
4301,41,1
4006,46,1
2398,52,1
1397,46,1
5677,70,1
2752,46,1
2746,41,1
4262,84,1
3043,66,1
4639,28,1
5152,50,1
724,75,1
844,46,1
2385,63,1
3837,98,1
2472,52,1
4369,22,1
4036,28,1
2109,36,1
2435,3,1
2338,11,1
5451,4,1
3420,18,1
5010,3,1
2566,46,1
4185,22,1
4695,50,1
2733,57,1
653,80,1
3318,73,1
4818,50,1
2489,53,1
3349,90,1
2668,71,1
2266,75,1
2144,49,1
4723,44,1
4023,10,1
1827,98,1
5350,11,1
989,47,1
2323,28,1
1792,86,1
4491,25,1
2962,5,1
3956,3,1
4719,36,1
5412,10,1
3585,60,1
2129,20,1
2882,18,1
4080,66,1
4415,12,1
4174,22,1
4635,52,1
3990,44,1
1383,71,1
1491,33,1
1346,84,1
2223,11,1
3548,71,1
3476,81,1
4652,46,1
4583,22,1
2980,33,1
947,58,1
4239,22,1
1299,57,1
5213,91,1
1341,50,1
1899,108,1
4762,29,1
5362,5,1
845,46,1
2952,41,1
1878,33,1
2143,33,1
3623,20,1
4316,46,1
1014,60,1
4041,44,1
640,53,1
1167,88,1
1486,57,1
3424,25,1
4325,46,1
5074,41,1
4180,60,1
701,32,1
2341,70,1
5625,80,1
3597,92,1
5150,50,1
4983,46,1
4692,1,1
4214,30,1
3832,46,1
897,28,1
4285,66,1
4888,46,1
948,58,1
2345,34,1
2567,46,1
1231,20,1
4965,50,1
4708,12,1
4223,41,1
4663,7,1
4859,54,1
1331,3,1
1919,41,1
3546,20,1
1780,36,1
4862,3,1
976,64,1
2729,57,1
1480,8,1
1298,57,1
4837,65,1
3036,34,1
1715,73,1
1307,22,1
1062,1,1
1227,20,1
1957,41,1
1336,3,1
3464,46,1
846,46,1
2476,52,1
3338,90,1
5388,46,1
5287,41,1
413,30,1
1212,44,1
3985,24,1
3031,58,1
1607,18,1
5384,57,1
1988,71,1
2991,20,1
3917,49,1
2196,1,1
4047,29,1
2554,69,1
3104,88,1
3365,82,1
3168,69,1
3943,41,1
4328,71,1
5054,3,1
4313,112,1
741,5,1
2456,4,1
5414,10,1
2634,34,1
1958,49,1
4506,84,1
4627,71,1
4022,65,1
3082,56,1
4436,41,1
5369,41,1
898,77,1
4473,11,1
3278,7,1
5300,41,1
2645,28,1
5512,53,1
5521,53,1
3666,113,1
1927,22,1
3470,76,1
4943,46,1
4741,22,1
2047,53,1
4698,79,1
5601,80,1
3801,94,1
1953,68,1
4545,70,1
2355,75,1
5309,10,1
3118,112,1
2720,41,1
2020,46,1
4632,95,1
2555,69,1
4846,3,1
717,65,1
4592,54,1
3672,113,1
1311,22,1
4718,36,1
2012,53,1
4630,71,1
2947,63,1
1986,29,1
2908,46,1
909,78,1
4615,27,1
4682,3,1
2362,8,1
4675,3,1
4034,41,1
5441,112,1
4246,60,1
3802,19,1
5341,41,1
2981,33,1
2563,49,1
5209,36,1
3538,92,1
1015,60,1
4640,57,1
1901,41,1
3499,18,1
5472,53,1
4445,27,1
1120,63,1
2842,76,1
2436,3,1
4037,18,1
3829,41,1
4252,46,1
5039,46,1
4057,80,1
2934,68,1
2643,78,1
2135,20,1
5568,50,1
4969,50,1
5278,57,1
3875,80,1
2197,1,1
2779,37,1
5225,34,1
1531,17,1
3895,66,1
637,87,1
1495,58,1
4444,78,1
2983,33,1
1730,22,1
2032,41,1
1727,22,1
5227,33,1
1888,71,1
3477,27,1
3785,4,1
4131,46,1
5156,94,1
2911,46,1
5650,80,1
4681,58,1
4123,63,1
1597,86,1
4820,50,1
2935,68,1
3780,18,1
3071,42,1
2114,70,1
5363,83,1
2352,75,1
1912,5,1
2437,3,1
5537,80,1
3840,24,1
937,11,1
4102,70,1
2599,53,1
3328,26,1
5395,85,1
3739,32,1
2708,58,1
4033,3,1
4884,41,1
4538,52,1
4673,79,1
4338,69,1
3863,65,1
2917,46,1
4449,89,1
2018,20,1
1847,15,1
3996,46,1
4510,11,1
2498,5,1
4298,49,1
2727,20,1
3279,7,1
2502,69,1
5106,10,1
3459,53,1
3242,49,1
4130,46,1
3776,46,1
878,46,1
2507,33,1
865,41,1
4370,95,1
4019,36,1
5359,36,1
5277,57,1
5296,5,1
4807,22,1
5023,87,1
4954,56,1
2710,71,1
1799,71,1
1530,17,1
2499,5,1
3488,98,1
4203,41,1
1012,60,1
3662,54,1
3243,49,1
2734,57,1
4405,12,1
3573,65,1
729,65,1
2944,27,1
3542,75,1
5481,53,1
3079,37,1
4623,57,1
4805,58,1
3057,29,1
1084,52,1
1327,3,1
3137,95,1
4839,32,1
2149,32,1
4544,61,1
5422,10,1
4340,61,1
1982,47,1
3034,47,1
3035,34,1
3984,94,1
5476,53,1
5669,80,1
3496,41,1
2509,38,1
3686,113,1
4395,3,1
1582,97,1
5159,46,1
4595,28,1
934,64,1
3942,41,1
946,58,1
4921,56,1
3900,46,1
3733,46,1
4832,46,1
4879,41,1
4803,46,1
3717,44,1
4522,20,1
4585,19,1
3092,38,1
5423,7,1
3460,41,1
4456,38,1
4593,18,1
3743,18,1
2198,1,1
5191,5,1
1373,36,1
1239,15,1
2461,22,1
962,66,1
2117,78,1
3209,10,1
1884,27,1
2899,46,1
5216,91,1
3455,7,1
1952,91,1
4008,5,1
3899,36,1
5569,50,1
2998,18,1
4703,79,1
3054,78,1
3692,108,1
3966,99,1
2850,76,1
4769,80,1
3064,27,1
3451,36,1
4882,41,1
5383,112,1
2016,24,1
3636,63,1
3106,88,1
3402,36,1
5424,7,1
3713,3,1
3839,53,1
3979,36,1
3971,57,1
5041,3,1
5390,85,1
2878,41,1
5139,83,1
5396,85,1
3695,108,1
2802,18,1
2331,41,1
4356,112,1
1320,3,1
5556,105,1
1887,71,1
5302,7,1
866,41,1
3732,46,1
1088,38,1
5327,90,1
5232,12,1
3006,85,1
2303,80,1
2534,80,1
3472,10,1
675,32,1
4133,50,1
1016,60,1
4907,14,1
5146,83,1
5245,12,1
1217,32,1
4654,61,1
4108,3,1
4327,57,1
1425,46,1
776,83,1
2125,14,1
4101,41,1
3697,86,1
3088,38,1
2424,3,1
4875,91,1
5138,83,1
5129,83,1
3280,7,1
1119,63,1
5509,53,1
2131,86,1
2051,71,1
5434,33,1
3032,58,1
2649,46,1
4163,34,1
956,24,1
1414,41,1
881,46,1
2946,58,1
5178,50,1
1387,46,1
4518,79,1
3823,3,1
3297,3,1
3249,58,1
1869,71,1
4090,46,1
5145,65,1
2386,34,1
753,7,1
3281,7,1
5581,50,1
3947,112,1
4234,46,1
4856,7,1
3404,17,1
4190,46,1
935,71,1
4082,46,1
5064,28,1
3964,29,1
4431,46,1
3298,3,1
1830,80,1
4323,41,1
2578,46,1
4360,60,1
5171,41,1
4800,3,1
3578,50,1
3981,5,1
5280,90,1
4373,46,1
3550,41,1
2168,14,1
3749,8,1
3826,8,1
2217,10,1
1194,14,1
847,46,1
2638,28,1
2725,20,1
5406,41,1
3606,60,1
2721,46,1
1124,68,1
2681,46,1
3856,46,1
4841,18,1
2874,41,1
2199,1,1
730,65,1
3446,47,1
4828,70,1
2707,28,1
1251,65,1
4857,60,1
2900,46,1
1033,60,1
3967,41,1
5233,54,1
5596,53,1
3185,5,1
1433,46,1
2411,65,1
4346,28,1
4792,71,1
4083,22,1
2912,46,1
1126,68,1
966,28,1
4500,11,1
5218,91,1
2679,14,1
1629,113,1
3648,63,1
3782,20,1
2929,15,1
5437,46,1
2438,3,1
4650,60,1
3677,113,1
2200,1,1
2098,60,1
2158,24,1
3817,27,1
3517,46,1
2353,75,1
3299,3,1
4116,46,1
4375,17,1
3562,75,1
5288,85,1
4812,60,1
3022,63,1
5667,80,1
2201,1,1
2655,60,1
4499,41,1
3831,46,1
3210,10,1
4824,89,1
3804,41,1
957,66,1
4594,60,1
1225,20,1
908,78,1
3601,52,1
2043,46,1
2872,41,1
3561,75,1
1838,36,1
1118,63,1
5504,53,1
1632,113,1
3641,46,1
677,1,1
2985,33,1
3559,65,1
961,66,1
3492,18,1
848,46,1
1041,89,1
5223,17,1
2741,46,1
5255,11,1
2397,52,1
4530,92,1
3453,56,1
4142,41,1
4569,7,1
5465,53,1
3169,69,1
589,78,1
1740,92,1
2901,46,1
2029,61,1
3994,7,1
4833,7,1
5315,70,1
5075,46,1
884,38,1
4416,12,1
4394,86,1
5496,53,1
4755,41,1
1944,61,1
2056,46,1
3300,3,1
3473,71,1
3834,7,1
2646,24,1
2925,11,1
4816,50,1
4124,81,1
3334,26,1
3355,85,1
4584,17,1
4895,50,1
3560,65,1
4555,19,1
5031,80,1
1437,112,1
2490,53,1
647,80,1
2246,32,1
408,71,1
4011,56,1
1917,71,1
775,60,1
5483,53,1
3219,60,1
4485,11,1
3023,63,1
4452,18,1
3086,69,1
5629,80,1
5346,28,1
4883,90,1
2508,33,1
5400,41,1
3936,41,1
2653,61,1
4626,46,1
5519,53,1
1070,61,1
5657,80,1
2053,53,1
4247,57,1
658,94,1
4170,63,1
5142,83,1
4829,78,1
4651,75,1
2399,52,1
3774,22,1
3535,92,1
667,22,1
5393,85,1
5262,57,1
5579,50,1
4947,93,1
1067,61,1
2688,68,1
1151,75,1
4778,3,1
3139,37,1
4126,80,1
959,66,1
703,95,1
1361,25,1
5446,4,1
3962,76,1
3859,28,1
1829,113,1
4127,15,1
1633,113,1
2150,46,1
5294,10,1
5133,83,1
1782,27,1
1484,7,1
2986,33,1
3977,46,1
939,27,1
1297,57,1
3723,3,1
1236,18,1
1524,41,1
1942,25,1
4226,46,1
4213,20,1
4215,38,1
735,10,1
2641,7,1
3628,20,1
1778,58,1
3581,65,1
2491,53,1
3026,14,1
3462,4,1
979,64,1
788,81,1
623,11,1
353,113,1
988,47,1
2336,11,1
5570,50,1
4975,50,1
1268,65,1
680,69,1
1332,3,1
4291,14,1
1519,15,1
919,86,1
2481,52,1
4409,12,1
4509,84,1
3992,44,1
3882,61,1
2535,81,1
2340,28,1
3126,8,1
5235,54,1
2512,94,1
2573,15,1
1506,46,1
4787,19,1
1308,22,1
5503,53,1
3857,46,1
2644,78,1
4398,3,1
1017,60,1
1229,20,1
3887,92,1
4004,41,1
1708,73,1
4071,42,1
2327,18,1
4795,80,1
904,22,1
3186,5,1
849,46,1
1380,36,1
4935,3,1
4000,46,1
4962,50,1
2826,82,1
1292,56,1
850,46,1
3793,98,1
4788,96,1
5330,96,1
1166,88,1
718,65,1
851,46,1
1401,41,1
2218,10,1
1492,41,1
4196,22,1
2930,15,1
1281,80,1
2525,5,1
3207,10,1
1943,41,1
4618,94,1
5318,28,1
5170,4,1
5641,80,1
1454,75,1
427,112,1
4273,46,1
3814,60,1
2696,44,1
4148,46,1
3528,41,1
3607,60,1
3734,3,1
4100,8,1
2267,122,1
5259,75,1
4628,57,1
1894,10,1
1068,61,1
3406,14,1
5301,41,1
4459,70,1
1060,1,1
2202,1,1
3065,27,1
2526,5,1
3675,113,1
359,105,1
773,3,1
3180,71,1
867,41,1
4714,46,1
906,33,1
1590,25,1
3852,99,1
3109,64,1
3204,76,1
3301,3,1
2203,1,1
2527,5,1
4852,41,1
2914,46,1
1147,75,1
5091,32,1
3044,47,1
1683,105,1
5172,46,1
905,17,1
4871,46,1
4115,46,1
940,27,1
3319,33,1
3067,70,1
2439,3,1
1680,8,1
1745,71,1
4238,22,1
3658,88,1
2204,1,1
5440,112,1
2660,46,1
4712,29,1
3572,65,1
4005,41,1
5271,50,1
1200,19,1
4165,3,1
3408,22,1
5024,12,1
3576,50,1
4581,7,1
2630,34,1
4046,42,1
657,57,1
852,46,1
4381,7,1
4283,41,1
2319,20,1
2562,32,1
2961,8,1
4851,71,1
2510,38,1
3554,46,1
3805,71,1
4304,5,1
3989,11,1
5226,10,1
3419,1,1
3973,4,1
1352,53,1
2565,49,1
4372,12,1
3626,20,1
2642,28,1
5097,60,1
1351,53,1
1357,95,1
1173,86,1
4664,71,1
3844,46,1
1705,29,1
1993,68,1
5380,8,1
2957,41,1
3478,81,1
1529,4,1
2984,22,1
873,41,1
2893,58,1
1160,87,1
4531,46,1
4081,81,1
1580,46,1
2175,46,1
745,3,1
5238,99,1
1828,29,1
1513,61,1
2058,56,1
739,5,1
1725,61,1
4194,22,1
4197,22,1
2418,28,1
4679,7,1
3302,3,1
1978,65,1
2239,25,1
4533,65,1
3170,69,1
1233,18,1
3454,56,1
2848,76,1
4813,17,1
2669,3,1
3336,82,1
3688,113,1
4222,42,1
4646,50,1
3551,41,1
4326,24,1
1947,73,1
1505,46,1
1774,41,1
1714,73,1
3223,18,1
4913,46,1
950,49,1
2767,46,1
4597,60,1
2045,28,1
2205,1,1
2281,80,1
1674,113,1
3693,105,1
4874,79,1
5626,80,1
2440,3,1
2441,3,1
1934,15,1
4611,94,1
4353,28,1
2858,89,1
2648,61,1
2442,3,1
5484,53,1
5607,80,1
5228,12,1
3303,3,1
1333,3,1
2443,3,1
2444,3,1
5538,80,1
2293,80,1
2445,3,1
5645,80,1
5205,65,1
1798,3,1
3317,68,1
5602,80,1
5622,80,1
4324,41,1
5653,80,1
3819,46,1
3114,112,1
5546,80,1
590,14,1
3799,83,1
2684,15,1
362,113,1
4386,41,1
5506,53,1
4462,46,1
4571,46,1
5000,50,1
2606,63,1
5165,32,1
2290,80,1
641,80,1
5020,10,1
4705,92,1
3911,25,1
2905,46,1
5126,68,1
4915,91,1
4092,63,1
1108,69,1
3407,14,1
3627,20,1
2425,3,1
3794,3,1
2743,41,1
4790,68,1
3720,71,1
2988,33,1
4475,11,1
2310,14,1
2936,68,1
3575,36,1
4217,22,1
2413,58,1
2152,17,1
4740,33,1
853,46,1
4212,80,1
997,70,1
5338,7,1
3174,93,1
3429,19,1
1664,112,1
886,38,1
1040,34,1
4205,78,1
921,17,1
5494,53,1
1073,17,1
2698,15,1
2111,50,1
4393,3,1
3175,93,1
2732,57,1
3373,82,1
3335,82,1
5675,80,1
4388,8,1
3828,41,1
2368,71,1
3741,86,1
1182,26,1
3348,90,1
3457,98,1
4433,41,1
1174,86,1
4140,15,1
1854,15,1
712,71,1
5453,4,1
5183,50,1
1606,18,1
3461,56,1
1716,73,1
3330,26,1
3039,34,1
5624,80,1
2943,44,1
4434,46,1
1706,29,1
2457,4,1
2542,36,1
3744,52,1
1266,65,1
5497,53,1
3680,113,1
645,36,1
3545,57,1
4467,11,1
3244,49,1
1253,65,1
3466,66,1
3914,94,1
3226,19,1
1929,41,1
4786,46,1
3945,50,1
2206,1,1
1256,65,1
5125,85,1
2953,5,1
5598,80,1
2394,52,1
3803,14,1
747,60,1
5436,37,1
5114,8,1
1409,71,1
2014,32,1
3877,41,1
1362,25,1
1502,81,1
4464,11,1
2015,10,1
5413,10,1
4076,46,1
5071,44,1
5147,10,1
854,46,1
1412,71,1
1260,65,1
3070,42,1
699,4,1
1223,20,1
5072,44,1
4391,27,1
5158,20,1
2179,1,1
5291,96,1
3507,56,1
4536,3,1
3479,3,1
4526,71,1
993,10,1
4406,12,1
2229,20,1
4701,79,1
5543,80,1
1077,52,1
4432,41,1
2772,46,1
5358,89,1
1019,60,1
5618,80,1
3380,82,1
968,71,1
3227,19,1
1059,82,1
1589,29,1
4253,98,1
4524,98,1
2458,4,1
4655,68,1
5661,80,1
5620,80,1
3282,7,1
1342,50,1
4835,22,1
2153,63,1
1003,79,1
1020,60,1
3157,50,1
4321,95,1
2492,53,1
1218,32,1
3140,95,1
1834,3,1
4904,91,1
2393,52,1
2556,69,1
931,24,1
3808,25,1
3304,3,1
4385,7,1
4161,66,1
3443,89,1
1321,3,1
3987,3,1
4515,84,1
2837,89,1
4085,57,1
3637,63,1
3068,70,1
4274,99,1
2753,42,1
4013,41,1
1208,83,1
3001,82,1
1711,73,1
4206,47,1
1983,5,1
3649,20,1
3305,3,1
4419,90,1
3245,49,1
3890,4,1
5371,46,1
2887,38,1
2121,92,1
4435,30,1
2789,98,1
2105,30,1
2515,38,1
1334,3,1
5344,73,1
2250,32,1
4303,28,1
868,41,1
768,3,1
3635,79,1
1055,82,1
719,71,1
1900,29,1
4051,70,1
2207,1,1
2781,69,1
2036,50,1
1128,68,1
1691,108,1
1746,41,1
2000,80,1
2877,41,1
4847,38,1
2722,46,1
3024,14,1
1864,46,1
5017,10,1
4668,98,1
4199,22,1
4281,68,1
5014,22,1
3229,19,1
3176,93,1
1221,32,1
3313,8,1
2208,1,1
2838,89,1
1434,105,1
967,28,1
1703,28,1
5353,41,1
4757,41,1
872,41,1
2228,19,1
5678,57,1
2046,53,1
2493,53,1
3821,75,1
4088,49,1
4455,28,1
4992,20,1
5060,64,1
2314,46,1
1148,75,1
5458,32,1
3760,42,1
1528,46,1
726,75,1
3306,3,1
3324,26,1
2928,14,1
2104,87,1
2209,1,1
3689,113,1
4552,46,1
1176,85,1
2786,95,1
4638,60,1
4064,90,1
4290,46,1
3098,54,1
4546,46,1
4547,46,1
4438,41,1
1853,15,1
3714,32,1
2447,3,1
2500,5,1
4410,12,1
3283,7,1
5382,12,1
5595,46,1
770,3,1
3825,80,1
3824,25,1
3541,65,1
2989,33,1
5631,80,1
3141,95,1
1286,80,1
3158,50,1
4648,47,1
707,25,1
4670,79,1
2647,61,1
4554,78,1
412,4,1
4390,46,1
2857,89,1
1259,65,1
2608,63,1
4931,61,1
1347,84,1
2369,71,1
2862,81,1
1138,4,1
888,78,1
1908,46,1
5539,80,1
3246,10,1
4028,30,1
972,64,1
742,10,1
4443,8,1
1209,83,1
3085,93,1
3361,82,1
4684,75,1
2151,52,1
2483,53,1
2795,92,1
3474,1,1
4344,97,1
2459,4,1
3727,61,1
1222,32,1
4791,58,1
2796,92,1
2403,50,1
2330,94,1
5410,32,1
2913,46,1
1732,68,1
4404,12,1
1413,71,1
2356,75,1
974,64,1
3187,5,1
4007,57,1
910,78,1
2210,1,1
2794,77,1
4139,66,1
5627,80,1
4396,71,1
5360,12,1
3445,98,1
3467,46,1
4334,8,1
3307,3,1
1497,28,1
5561,50,1
1139,4,1
994,70,1
2909,46,1
5615,80,1
4508,84,1
3416,75,1
3145,37,1
2849,76,1
3399,82,1
3611,80,1
3647,41,1
4216,29,1
4195,22,1
4474,11,1
3847,79,1
2866,89,1
3498,68,1
1240,15,1
4845,33,1
2379,71,1
3868,44,1
4905,14,1
980,71,1
5109,10,1
3841,53,1
3586,57,1
4256,83,1
4649,80,1
3915,88,1
5605,80,1
2711,11,1
1915,71,1
1312,22,1
1808,33,1
4658,25,1
2999,82,1
2674,97,1
5674,80,1
4864,92,1
1697,96,1
2097,92,1
3208,10,1
5604,80,1
5639,80,1
3924,17,1
1235,18,1
3940,92,1
5419,58,1
816,87,1
1215,42,1
4141,46,1
3418,87,1
1928,57,1
686,25,1
3643,71,1
3671,113,1
1335,3,1
733,5,1
4633,95,1
3716,95,1
3142,95,1
4511,11,1
3456,91,1
4528,58,1
1980,60,1
5283,10,1
4183,41,1
685,25,1
2395,52,1
2211,1,1
4988,50,1
1457,75,1
3556,57,1
2541,36,1
4937,57,1
2853,84,1
2715,87,1
702,25,1
1322,3,1
2145,41,1
5299,50,1
4994,98,1
4496,84,1
5085,84,1
1728,98,1
4211,44,1
411,25,1
2212,1,1
4726,50,1
2469,50,1
3435,25,1
2309,87,1
5203,71,1
5198,19,1
4677,68,1
5252,4,1
1962,19,1
2847,36,1
4042,49,1
2654,61,1
626,87,1
4944,56,1
1287,80,1
3512,91,1
4717,82,1
5053,41,1
3701,10,1
1141,4,1
2987,33,1
4422,90,1
2719,3,1
1966,38,1
4241,46,1
3448,10,1
5103,10,1
1277,80,1
2735,71,1
3827,41,1
3231,19,1
1679,22,1
508,112,1
3058,29,1
3753,75,1
5433,7,1
4067,24,1
4971,50,1
3748,1,1
1935,15,1
2496,5,1
3791,41,1
3116,112,1
1905,18,1
4229,57,1
4426,46,1
1694,46,1
1977,46,1
5247,12,1
955,24,1
5136,83,1
2213,1,1
5460,95,1
3398,82,1
1971,3,1
5456,4,1
2785,93,1
2623,79,1
3972,53,1
3364,82,1
4691,79,1
5398,85,1
3177,93,1
3450,98,1
5298,79,1
407,71,1
1909,12,1
3965,71,1
1199,19,1
1630,105,1
761,82,1
5073,44,1
2156,4,1
4920,79,1
4425,46,1
2602,63,1
2667,29,1
5144,49,1
3027,36,1
510,122,1
5582,86,1
907,76,1
1398,46,1
3087,66,1
4621,41,1
2305,42,1
5173,46,1
4079,57,1
4347,46,1
3178,93,1
1959,49,1
4379,27,1
3531,11,1
971,64,1
2446,3,1
4248,38,1
3097,54,1
3504,25,1
4918,79,1
4377,98,1
2365,8,1
4542,11,1
1190,81,1
4897,46,1
2532,5,1
4442,50,1
5593,53,1
3866,46,1
1186,54,1
1579,46,1
3051,19,1
2672,20,1
3099,20,1
3761,76,1
3842,20,1
4579,36,1
1057,82,1
3314,8,1
4582,60,1
4494,60,1
3357,85,1
4842,12,1
4671,79,1
1021,60,1
1987,1,1
3075,37,1
5003,50,1
4572,22,1
4662,3,1
1370,97,1
1022,60,1
3447,10,1
5334,81,1
5274,90,1
4840,8,1
1879,122,1
3179,93,1
5087,56,1
4608,17,1
1964,19,1
1304,93,1
3171,69,1
664,57,1
4244,46,1
5293,10,1
5651,80,1
4785,86,1
1011,60,1
1042,89,1
1343,50,1
5485,53,1
668,36,1
5549,53,1
1807,42,1
4939,76,1
4484,11,1
3147,37,1
3657,46,1
4397,46,1
1150,75,1
2363,8,1
1211,83,1
2297,80,1
3028,36,1
4293,46,1
3783,84,1
2840,56,1
5081,46,1
4517,84,1
1720,73,1
1839,57,1
3091,38,1
4678,65,1
2240,25,1
2560,10,1
694,25,1
2593,92,1
1339,50,1
5493,53,1
622,19,1
2910,46,1
1080,52,1
3345,90,1
3750,42,1
2714,46,1
2970,8,1
928,5,1
4657,38,1
4978,50,1
4693,36,1
1450,46,1
692,95,1
4094,46,1
3284,7,1
3117,112,1
5573,50,1
3908,36,1
4421,90,1
3574,22,1
1300,57,1
5185,50,1
2610,12,1
3206,76,1
3000,18,1
3069,70,1
2120,14,1
4610,70,1
938,27,1
2791,98,1
4853,46,1
1023,60,1
4822,20,1
2906,46,1
1155,75,1
5267,20,1
3951,80,1
4061,46,1
855,46,1
4783,4,1
4767,49,1
5016,10,1
3577,50,1
3352,90,1
5311,10,1
3396,82,1
2841,96,1
3372,82,1
4844,32,1
2318,50,1
1093,92,1
3038,34,1
1288,80,1
1985,22,1
3188,5,1
4989,98,1
3350,82,1
5617,80,1
2797,92,1
3730,36,1
2533,5,1
5193,41,1
1712,49,1
5662,80,1
3925,17,1
5055,46,1
5032,61,1
2041,50,1
4052,98,1
3159,50,1
3790,8,1
3963,37,1
2242,25,1
4987,28,1
5349,87,1
5610,80,1
2790,98,1
4219,46,1
920,57,1
4565,73,1
4564,73,1
2344,34,1
5666,80,1
4999,50,1
1303,93,1
725,37,1
2664,29,1
5290,96,1
1698,96,1
3615,4,1
4933,83,1
4991,86,1
1892,65,1
5345,65,1
1054,82,1
3379,82,1
3375,82,1
4672,11,1
4230,41,1
2298,80,1
4200,3,1
3886,46,1
2941,94,1
2494,53,1
5658,80,1
1137,4,1
1018,34,1
5316,11,1
2155,22,1
3539,37,1
2817,85,1
856,46,1
4003,46,1
3755,1,1
5468,53,1
857,46,1
366,105,1
1422,64,1
748,60,1
1960,22,1
1970,61,1
4503,84,1
3710,1,1
1196,14,1
4543,61,1
4946,63,1
1997,19,1
2215,1,1
5319,92,1
4337,46,1
704,25,1
3846,96,1
4970,46,1
3107,97,1
2836,56,1
4951,79,1
2924,11,1
2141,36,1
3849,3,1
2473,52,1
2263,32,1
4179,76,1
3640,36,1
923,76,1
1072,61,1
4697,24,1
1895,10,1
2564,49,1
5239,50,1
1065,1,1
2540,95,1
3308,3,1
2603,63,1
3514,46,1
5196,32,1
4059,5,1
3796,3,1
1793,41,1
2328,60,1
4483,11,1
5134,83,1
4302,27,1
4532,28,1
4877,41,1
5541,80,1
3592,65,1
5367,41,1
4831,94,1
4470,11,1
3233,19,1
4854,46,1
4250,61,1
1369,97,1
1114,37,1
5323,66,1
4819,50,1
2589,41,1
1145,4,1
954,24,1
5443,46,1
4153,41,1
4976,50,1
2419,78,1
2557,70,1
3115,112,1
880,46,1
4364,60,1
1536,46,1
5452,4,1
887,38,1
1516,37,1
5027,87,1
4504,84,1
2792,77,1
3285,7,1
2128,87,1
3331,26,1
5175,10,1
3810,3,1
5511,53,1
5092,84,1
1493,46,1
4113,46,1
876,46,1
1405,46,1
4147,4,1
3738,50,1
2220,10,1
4429,83,1
3009,90,1
4027,28,1
644,63,1
3359,82,1
1576,79,1
2055,53,1
1440,108,1
2806,91,1
1913,20,1
3110,30,1
1462,46,1
4926,57,1
4953,22,1
4392,71,1
4811,57,1
4120,98,1
982,71,1
3953,46,1
2231,24,1
977,64,1
2997,82,1
2830,82,1
1158,75,1
5207,85,1
5375,27,1
3309,3,1
4072,70,1
4942,53,1
2408,94,1
5201,41,1
3762,41,1
3807,10,1
5464,53,1
690,32,1
1112,37,1
2380,71,1
2597,88,1
3894,46,1
917,17,1
2106,24,1
5090,4,1
5285,28,1
1809,33,1
1456,75,1
2812,97,1
4901,92,1
1850,29,1
5102,10,1
5266,61,1
2685,79,1
2811,60,1
4497,84,1
3519,89,1
1213,44,1
4782,94,1
4182,46,1
3920,32,1
1368,97,1
2300,80,1
3644,57,1
2959,5,1
4772,46,1
4605,12,1
5606,80,1
2513,94,1
5540,80,1
428,112,1
1381,71,1
3955,41,1
2335,97,1
4070,46,1
2747,41,1
1273,80,1
4748,26,1
3619,41,1
5387,41,1
3066,27,1
5554,50,1
2522,94,1
2039,71,1
1954,33,1
5123,87,1
4040,87,1
2410,11,1
5558,50,1
2381,71,1
4977,50,1
2178,1,1
3310,3,1
2958,5,1
958,66,1
1765,105,1
3205,76,1
4158,19,1
926,76,1
2382,70,1
5495,53,1
1695,53,1
4890,46,1
1526,46,1
3008,85,1
2852,32,1
1179,85,1
2252,32,1
2770,46,1
420,110,9
425,121,9
421,104,9
424,116,9
423,114,9
500,104,9
504,115,9
364,111,9
2094,104,9
1737,116,9
1689,119,9
1760,121,9
1675,116,9
3441,121,9
2583,110,9
365,110,9
1685,116,9
1615,106,9
2670,107,9
1822,110,9
1823,110,9
1812,110,9
1813,110,9
1814,110,9
1671,114,9
2059,110,9
1815,110,9
493,102,9
1667,107,9
1818,110,9
1644,103,9
1638,115,9
1761,104,9
1819,110,9
1661,117,9
1668,102,9
1757,119,9
3413,121,9
1610,114,9
1642,118,9
1686,104,9
497,106,9
1641,102,9
1660,118,9
3414,121,9
1658,111,9
1651,124,9
496,109,9
356,116,9
1624,121,9
1465,116,9
1764,104,9
1816,110,9
1631,109,9
357,123,9
822,104,9
1415,124,9
499,111,9
3411,117,9
1424,103,9
1659,102,9
1628,109,9
1469,117,9
363,119,9
1619,106,9
1662,106,9
1855,124,9
1648,118,9
1640,116,9
2678,121,9
1673,120,9
823,117,9
3442,119,9
1752,118,9
1592,121,9
1653,119,9
1684,121,9
1626,117,9
821,103,9
3427,121,9
1621,104,9
1690,117,9
1783,110,9
1647,102,9
1416,107,9
1535,125,9
1646,123,9
827,104,9
1627,103,9
1687,106,9
2581,111,9
1389,104,9
1665,114,9
1817,110,9
351,104,9
1634,115,9
3417,121,9
1652,110,9
3426,104,9
1445,117,9
1637,104,9
505,117,9
1593,125,9
506,118,9
1625,119,9
1643,114,9
1650,118,9
1591,111,9
1754,104,9
1821,110,9
1753,123,9
1670,110,9
3520,121,9
1616,124,9
1645,123,9
2582,102,9
1622,114,9
507,119,9
1826,110,9
1762,102,9
1849,104,9
819,120,9
1825,110,9
1669,119,9
1618,114,9
1835,102,9
820,107,9
1824,110,9
1820,110,9
352,124,9
1617,110,9
1657,102,9
509,123,9
3412,117,9
1649,107,9
1682,114,9
511,124,9
512,125,9
818,126,9
1857,106,9
1655,120,9
1758,121,9
1635,123,9
1417,119,9
1639,115,9
1880,116,9
1676,110,9
430,0,10
431,0,10
3247,0,10
432,0,10
1875,0,10
433,0,10
2089,0,10
434,0,10
2090,0,10
435,0,10
436,0,10
2077,0,10
2580,0,10
437,0,10
1867,0,10
1477,0,10
2083,0,10
2084,0,10
2078,0,10
2079,0,10
2091,0,10
438,0,10
2075,0,10
1876,0,10
2076,0,10
2072,0,10
2081,0,10
3521,0,10
2082,0,10
439,0,10
2074,0,10
2073,0,10
2087,0,10
2086,0,10
2085,0,10
2080,0,10
1874,0,10
440,0,11
441,0,11
514,0,11
3526,0,11
1538,0,11
516,0,11
2713,0,11
515,0,11
442,0,11
443,0,12
531,0,12
444,0,12
525,0,12
529,0,12
528,0,12
527,0,12
1584,0,12
526,0,12
524,0,12
3434,0,12
445,0,12
520,0,12
521,0,12
519,0,12
523,0,12
447,0,13
1540,0,13
1541,0,13
1542,0,13
1543,0,13
532,0,13
539,0,13
1544,0,13
533,0,13
1545,0,13
540,0,13
1546,0,13
1547,0,13
535,0,13
1548,0,13
448,0,13
1549,0,13
538,0,13
536,0,13
537,0,13
1550,0,13
541,0,13
543,0,13
1551,0,13
542,0,13
1552,0,13
449,0,14
544,0,14
1559,0,14
1575,0,14
1560,0,14
1561,0,14
1562,0,14
1563,0,14
1564,0,14
1565,0,14
1566,0,14
1567,0,14
450,0,14
1568,0,14
545,0,14
1569,0,14
1533,0,14
1570,0,14
1571,0,14
1572,0,14
1573,0,14
1574,0,14
546,0,14
547,0,14
548,0,14
549,0,14
552,0,14
553,0,14
556,0,14
554,0,14
555,0,14
550,0,14
551,0,14
1534,0,14
454,0,15
451,0,15
469,0,15
3400,0,15
2937,0,15
452,0,15
453,0,15
455,0,15
784,0,15
1951,0,15
1446,0,15
456,0,15
1797,0,15
1461,0,15
457,0,15
458,0,15
459,0,15
460,0,15
1885,0,15
462,0,15
463,0,15
461,0,15
1585,0,15
2013,0,15
464,0,15
2224,0,15
465,0,15
1358,0,15
1449,0,15
1882,0,15
466,0,15
467,0,15
4128,0,15
1447,0,15
470,0,16
1503,0,16
557,0,16
1842,0,16
473,0,16
474,0,16
2010,0,16
3650,0,16
471,0,16
3509,0,16
472,0,16
560,0,16
1420,0,16
1481,0,16
561,0,16
1800,0,16
1504,0,16
3484,0,16
475,0,16
476,0,16
558,0,16
477,0,17
1553,0,17
564,0,17
567,0,17
4361,0,17
568,0,17
1554,0,17
569,0,17
1555,0,17
562,0,17
563,0,17
565,0,17
1556,0,17
1557,0,17
570,0,17
566,0,17
478,0,17
1558,0,17
571,0,17
479,0,18
574,0,18
1925,0,18
572,0,18
573,0,18
1539,0,18
575,0,18
1992,0,18
576,0,18
577,0,18
480,0,18
578,0,18
579,0,18
580,0,18
5189,0,18
481,0,19
583,0,19
586,0,19
2269,0,19
584,0,19
587,0,19
1578,0,19
581,0,19
588,0,19
585,0,19
482,0,19
582,0,19
799,0,20
805,0,20
803,0,20
800,0,20
806,0,20
801,0,20
1577,0,20
807,0,20
804,0,20
802,0,20
808,0,21
812,0,21
1599,0,21
809,0,21
1600,0,21
810,0,21
1601,0,21
1602,0,21
1598,0,21
1603,0,21
1604,0,21
811,0,21
793,0,22
798,0,22
796,0,22
795,0,22
797,0,22
794,0,22
446,0,23
517,0,23
518,0,23
522,0,24
530,0,24
1354,0,1000
